{
  "total_posts": 93,
  "avg_hourly_rate": 25.298522727272726,
  "median_hourly_rate": 21.5,
  "pct_below_15": 21.59090909090909,
  "avg_hours_worked": 19.657894736842106
}